col1,col2
no,A client with a history of abusing barbiturates abruptly stops taking the medication. The nurse should give...
no,Have boils on your ear lobesYou probably have OCD.This causes infertility.Try Barbiturates
no,will only the three bs can kill you beerbarbiturates and bars jasmine but guns cant kill you so were good
yes,I feel the barbiturates in my blood
no,kathygriffin Id rather take a handful of barbiturates chase them with Jack. I remember when you were funny not such a political hack.
no,Ill hit you as hard as barbiturates in the ribs with a switch and stitch you at the same time before you can clinch to itsmh
no,Cosain02Cosain foxnation ChelseaClinton Barbiturates and Opiates anything that suppresses the central nervous system.
no,The Use of Benzodiazepines for Tinnitus Systematic Review
no,Psychiatric drugs are doing us more harm than good | Peter Gøtzsche
no,RubinReport See they put Benzodiazepines and soma as less dangerous than steroids its bullshit
no,.realDonaldTrump Treatment 4 bipolar mania are lithium anticonvulsants antipsychotics benzodiazepines get obamacare 4help taxfrauddon
no,RT IBSRemedy Chronic use of certain sedativehypnotic drugs especially the benzodiazepines may cause irritable bowellike symptoms. IBS
no,Chronic use of certain sedativehypnotic drugs especially the benzodiazepines may cause irritable bowellike symptoms. IBS
no,Study Nearly 1 in 3 patients who used heroin combined it with benzodiazepines Epidemic
no,people say BenZo and i just think of benzodiazepines.
yes,mhcreek Hahahaha Thats way different than antidepressants. Benzodiazepines are for taking the edge off. AllisulliOTProf
yes,"If youve seen the movie ""Limitless"" then you know how I am when I take Benzodiazepines....??"
yes,But heres to the pain of only seeing you when I dreamAnd heres to that second hit of benzodiazepines
no,Have recurrent procrastinationYesYou suffer from Bipolar.This causes eye hemorrhagingTry Barbiturates
no,Sam Esmali always on some psychedelic trippy barbiturates when writing Mr Robot
yes,Sprachstudentin cheaping out on the good barbiturates.
no,Three main classes of synthetic drugs include benzodiazepines barbiturates and nonbenzodiazepinenonbarbiturate drugsnclex nursingschool
no,Have frequent angerYesYou suffer from Premature Ejaculations.This causes complete blindness.Try Barbiturates
no,Today I signed a petition to legalize assisted suicide in my own mix of blood alcohol and barbiturates.
no,Have you eaten todayYesYou suffer from BPD.This causes a total eclipse of the heart.Try Barbiturates
no,Have you urinated todayYou probably have Narcolepsy.This causes a total eclipse of the heart.Try Barbiturates
yes,Mulva74 quaaludes barbiturates and rampant alcoholism..Im down.
no,Have hardening of the nipplesYesYou suffer from ADD.This causes phantom limbs.Try Barbiturates
no,AnthonyFolsomSr NYGovCuomo id rather imbibe a plant than be peddled opioids barbiturates by legal drug pushers backed by big Pharma
no,If only there was a pill to make ones day less gloomy. Or to make one less antisocial.Pls miss me w/ your codeine barbiturates co
yes,Barbiturates = sleeping 17 hours straight without any interruptions
yes,DavidKHarbour LMAO Ill bring the barbiturates if you bring the booze meet you econolodge epicenter of rude bed interactions in 15 ??
yes,TheRevWells Vicodin Oxycontin Percocet and Morphine was prescribed to me and as Ozzy has said I went off the rails on that crazy train
no,LordGalactus yes lol OxyContin for my back pain
no,RT michaelallenmar Research Harry Reid Dorgan Amendmntor all of HILLARYs Oxycontin Contributions..not good for your script prices h…
no,Why do people have to show ID at a pharmacy when theyre picking up OxyContin Exactly
no,Dont buy at publix They want you to be high on oxycontin Stay natural
no,How OxyContin taught doctors to trust pills over patients via kevinmd
yes,Ill buy you Robitussin and Oxycontin only if you call me aniki. ~Me
no,Billy Mays here with OxyContin
yes,Id rather find another way of releasing Oxycontin which never ends in regret
yes,purduepharma that shit you put in ur pills to gel them up is highly wack. Are u ever planning on Making OxyContin Great Again ??
no,As people hooked on Vicodin OxyContin and Percocet find it harder to get their medicines from the doctor they...
no,"Me ""Hi Id like to buy some weed."" America ""Sorry thats illegal. But how about an AK47 and some OxyContin"
yes,The pills into laced blunts got me gone boy The Oxycontin and heavy syrup got me looking in the mirror saying Is you a dope fiend or a dop
no,Before u criticize BillClintons conduct at DNC I wanna see YOU try to sound articulate dignified after 4 lines of oxycontin. Pillary
no,"RT EquityArcade ""Dr. Mario throwing pills at people is why were all addicted to Oxycontin"" SmashBros"
yes,RT marcos1munguia oscarkurucastro oh same Im snorting some OxyContin tryna overdose AF
no,Just a warning loves. Im on OxyContin for pain so if something doesnt make sense just tell me please and I will fix it.
no,this kid at my job takes 2 OxyContin throughout his shifts and still functions wtf lol
no,YOU CAN LISTEN TO THE LORD???????or you can listen to those?that want to sell your kids lithium and OxyContin?????
yes,I love OxyContin omg
yes,RT tempusfudgets YOU chase SOLO While we drink RITALIN It may be more likely than you think postclassicmemearthouse
yes,cutefuss bc its a harsh drug mostly i just felt SUPER AWAKE for the first week then was fine and its effective. ive also tried ritalin
yes,need a little RR rum ritalin
yes,SALE ritalin Order Discount Low cost ritalin medication
no,Majority of Americans misuse prescription drugs PBS NewsHour Ritalin Addiction Support
no,guenza adderall is the millennials ritalin. Over prescribed and overused and abused. Vanessa would go into tipping level euphoria 4x a day
no,I took my Ritalin too soon after drinking a ton of coffee and now Im thinking about the.
no,Calm my bad nerves. I call him my Ritalin.
yes,soda pop and ritalin
no,RT ryanarey This tweet in 100 years a photo or Ritalin with the same caption.
no,realDonaldTrump I think I speak for a lot of people when I say you need some Ritalin. DonaldTrump CNN Democrats Republican
no,GrampCamp Ivr already had 2 doses of my ritalin. Im so in need of sleep I cant get off of Twitter.
no,This one is about the dangers of prescription drugs to students especially Ritalin
no,ritalin gives me night terrors
no,They say that kids a problem where the fuck is his Ritalin
yes,xoDamage sad to see you wont be attending. Youre going to miss a good event.
no,Imma spazz out before i take some ritalin or adderall on god
yes,does anyone wanna trade xannies or ritalin or adderall idk im not picky for companionship
no,found out ritalin is very close in composition to meth so thats fantastic
no,Mojo Rawley Cocaine is a hell of a drug WWEBattleground
no,3 kilos of cocaine found stashed in luggage compartments of 2 JetBlue planes in Florida.
no,KTDarkAngel it looks like you have crack cocaine on your finger ??
yes,BeckyBalboa Buy me a brick of cocaine. ?
yes,Id rather be addicted to Xanax than be a shitty person. Idk.I just really like cocaine
yes,Stayed at the hospital for 3 hours yesterday for nothing . Im still having chest pains and dont know whats wrong smh
no,RT historyepics Coca cola started out as wine with cocaine in it.
no,Forbes list Abdilaahi Hassan the biggest cocaine dealer in europe
yes,See cocaine isnt like those scruffy drugs. Its a classy drug for cool sophisticated people.
no,Wallah i should open a massive cocaine farm in burco. Truck it through Djibouti then Eritrea then to Egypt. From Egypt ship to Turkey
no,RT IndyUSA Nephews of Venezuelan first lady tried to smuggle cocaine into US
no,RT PostGradProblem EXCLUSIVE Timeline Of Guy Who Went To Mexico To Die But Is Saved By Hookers And Coke
no,Cigarettes almost bad as cocaine to me
no,Id rather over dose on cocaine then kick it with my old flame
yes,Dropped out of school just to sell cocaine and weed
no,Innocent Man Jailed for a Month His Life Ruined After Cops Mistook Soap for Cocaine
no,182 Pounds Of Cocaine Found On Bus That Traveled From Mexico To Wilmington
no,How LSD and shrooms could help treat anxiety addiction and depression
yes,RT srslytrippin Take LSD and see a new world?
yes,Lewis Black Not even LSD prepared me for Trump
yes,I Just want to do LSD in chinnatown
yes,Lets take a trip on LSD
yes,RT SarahKernochan story of my first acid trip on the blog didnt mean to take it but oh well too late bombs awa…
no,Steve Jobs took LSD in a field and thought up the idea behind Apple and Apple computers. if anything hes the acid dropping genius
yes,FINALLY A REASON FOR ME TO DO LSD AND SHROOMS
yes,lSD opens your mind. Youll never have that focus in your life sober. You may ask how do someone thought of inception. There you have it.
yes,bringing lsd to Florida will probably be the best decision Ive ever had???
no,Tech heads in Silicon Valley are getting inspired by LSD to be more creative via bicontributors
yes,Dallyfromcali13 LSD is beautiful.
no,The other day I dreamt I had done some lsd and my trip was just me watching Kai dance to Lucky One
no,There are two girls in the dorm above mine talking about the riskreward of LSD
yes,RT FatNick Opiates.....I love you...... But I hate you...
no,"Theres not a classification system for drugs. None are worse than the other ""At least I wasnt on meth..."" Because opiates are better ?"
no,Ach. Sent to hospital today as apparently the only medications I can tolerate are opiates. smackaddictbyseptember iamfineandhome
yes,Whos got opiates or xans hmu
no,RT UnkleSilkk Opiates is the problem these days.... Lot of yall junkies just dont know it yet
no,RT PharaohFahmy Xanax opiates heroin etc. Dont throw away your life to chase a high. Find happiness within.
yes,my higher power is opiates
no,Over 40 Americans will die from Opiates today some from our FDA Approved Oxys/Benzos some heroin which comes from ISIS. BuildTheWall
no,Why Doctors Love Prescribing Opiates Instead of Cannabis For Chronic Pain NaturalMedicine
yes,RT FXTVaddict Me I know I failed my drug test but somebody could have spiked my coffee with opiates and THC.HRMe Fine Ill start c…
no,If anyone is interested here is something I wrote back in 2011 when going through a HUGE and INSANE addiction and dependency on opiates
no,americans still dont understand that caffeine sugar are drugs just like meth opiates I aint telling them shit
yes,RT EBenita0517 I only take opiates to protect you.
no,RT imtufts Dont do drugs. Especially opiates. When SHTF you do not want to need drugs of any sort. Reject FEMA camps WEEN NOWnot talk…
yes,all i want for christmas is opiates ?
no,RT artsrosch The novel tht musicians will love IARTG amwriting jazz Coltrane recovery opiates dope
no,Fuck opiates never again
no,You can actually be addicted to cheese. When your body digest it opiates are realised trigged the addictive element.
no,How To Use Cannabis To Get Off Of Opiates And Opiate Addiction
yes,RT EBenita0517 I only take opiates to protect you.
yes,11 opiates im still awake
no,Senior Citizens Addicted to Opiates | Painkillers Kill
no,Completely impossible to do anything while fucKed up on opiates.
no,McDonalds serving salads is like a heroin dealer giving you a pamphlet for rehab
no,Heroin Kills You
no,Every nigga i know that ever drank lean is retarded. Deadass. Its like liquid heroin. Niggas brains just melting
yes,i doubt heroin is the answer but its worth a shot
no,The 21 y.o. is charged w/ poss. of heroin drug paraphernalia after Kayly Lockabys16 body was found. WKYT 11.
yes,Heroin its my wife and its my life.
yes,Codeine i love u
yes,Guess Im on a codeine diet
yes,Hate to be contributing to the opioid problem in a America but god damn Tylenol with codeine is a life saver
yes,captainparsnip Nopes codeine and ibru will have to do.
no,Codeine crazy really the greatest song of all time Ive decided.
yes,Is it ok to cry when you dying inside ?. Seem like codeine is the only thing that take my mind from the lies
yes,Drop 2 ounces of codeine in my Minute Maid
yes,I sip Codeine w/ a passion
yes,codeine makes me sleep good
no,When your little neighbor starts posting snapchats of codeine and soda and you gotta check his dumb ass
no,I hate alcohol and anyone who drinks/abuses it
yes,fakekarlie Morphine washed down with a beer. Youll have the best nights sleep ever
no,Urieshair ooh well i remember when i was at the hospital for like 3 months they gave me morphine and the pain was still there lol
no,The morphine shots were probably the only thing that kept me going in that place. Smelled liked death to the power of 5000...
no,Lmfaoooooo me as fuck when I was at the hospital on morphine ?
yes,Started on morphine now Im on norcos ???
yes,I hate the way morphine makes me feel ?
no,When ur boyfriend calls you from hospital because hes broken his jaw in 3 places but tells you not to worry because hes high on morphine?
no,The drug is 100 times as potent as fentanyl and fentanyl is 100 times more potent than morphine. Damn it takes...
yes,what do normal people when they get sad they reach out to friends or family i think. thats not an option. i do morphine
yes,My leg fucking hurts man I want my dilaudid and morphine back
yes,This morphine be having me feel good af
yes,AH BREAKFAST OF CHAMPIONS VODKA MORPHINE AND A BLUNT
no,Starting my weekend with a new morphine patch for my bones and a lemsip for my razor throat. Bringing sexy back.
no,Holy shit. Morphine definitely numbs the pain. Physically mentally and emotionally.
no,If you ever feel bad about yourself just remember. I thought PCP and PABST was the same thing until yesterday.
no,AbrianaWright lol. The loud was PCP on the low.
no,RT DanBilzerian I think Im gonna try PCP when Im 75 and just go around lifting up cars maybe go to the gym and talk shit to everyone
yes,I was fucked up on PCP when I saw neezar. I tried to punch his dragon.
no,Meet the Walter White of fentanyl
no,So fake bars full of fentanyl ?? idk bout that one
yes,THIS THAT FENTANYL. I GOT THE POWER SEEING IF THEY LIKE IT
no,My pain doc just took me off fentanyl put me on methadoneShouldnt I have at least been given a heads up to start a heroin problem first
yes,lol fentanyl had me dreaming real hard and vivid about the most crazy shit
no,RT AbeOudshoorn Its not Oxycontin that is the issue its not Fentanyl that is the issue its addiction. Addiction is the issue strike…
no,The drug is 100 times as potent as fentanyl and fentanyl is 100 times more potent than morphine. Damn it takes...
no,Fentanyl is a synthetic opioid linked to the Mexican drug cartels and its showing up in Snohomish County
yes,Winners never quit Fentanyl
no,How Doctors And Big Pharma Helped Create North Americas Fentanyl Crisis
no,Fentanyl The Drug Deadlier Than Heroin via torontorappers VICE
no,"purplebuckeye Fentanyl is apparently no joke and if you go like .0001% over your threshold its game time. Couldnt imagine ""Carfentanil."""
no,Fentanyl patches that last 72hs or an assortment of oral opiates every 68 hs... Quite the dilemma...
no,I liked a YouTube video Fentanyl The Drug Deadlier than Heroin
no,Ya girl spent at least 10 hours in the ER yesterday and was injected with dilaudid/hydromorphone ?
yes,you taking morphine homie you a moron
yes,yes but like morphine you feel better at the end
yes,"i'd answer but i need more morphine for my ""drip""."
yes,"take away their medicin, no oxygen, just morphine "
yes,well they gave me morphine so iâ€™m feeling much better lol
yes,sometimes all you need is morphine
yes,"i ain't feelin none of you niggas, i'm on morphine."
yes,"just like nicotine, heroin, morphine suddenly i'm a fiend and you're all i need all i need yeah, you're all i need its youuu babe"
yes,"feels like nicotine, heroine morphine, all i need"
yes,it must feel like a shot of morphine after 4 painful years.
yes,i just need a hit of morphine
yes,you need some morphine close by
yes,"iâ€™m going to go shoot myself in the head now. iâ€™d od on my morphine, but iâ€™m running low."
yes,"yeah, but that morphine's feeling pretty fine..."
yes,oh shit i could use some morphine . hope all goes well â¤ï¸
yes,no painkiller can help the pain of frickin braces i need fucking adderall or morphine
yes,thanks. i hope so too. just had some morphine but not feeling much better for it x
yes,man i want roxy reynolds to take my soul... resuscitate me and do it again
yes,might get addicted to oxycodone since random insta accounts selling it keep following me
yes,so this show is about a child abusing percs to get good at chess everything on tv sucks
yes,you gotta basically get shot to get percs so i can only imagine what drank gonna cost ðŸ¤£
yes,apparently i accidentally took a percocet thinking it was tylenol and i was telling my mom how well the tylenol was working lamakaosn
no,A 30 year old Six Nations woman was arrested and charged with possession of Hydromorphone Friday about 2 in the...
no,RT lyricintent Girl you must be methadone because after I get you in my mouth and swallow every bit of you my cravings get easier to…
no,First methadone clinic to open in North Dakota
no,mrmocaine i was on methadone for my leg and got off that before I moved and Im still taking immodium every day to get by. Beats drugs tho
no,RT GPLLP Judge says RCMP manufactured terror plot overturns guilty verdict of 2 methadonedependent former drug addicts
yes,Oddly I havent been listening to them much at all. Maybe because Ive moved past methadone and onto the hard stuff
no,RT ldobsonhughes Police babysat the defendants each day even providing methadone. They drove them to the bomb location they had chosen a…
no,RT ldobsonhughes Police babysat the defendants each day even providing methadone. They drove them to the bomb location they had chosen a…
no,First methadone clinic to open in North Dakota INFORUM To date 18 physicians in North Dakota…
no,Liquid Methadone Cheap Marijuana Seeds Flowering Cannabis Effects Of Alcoholism
no,Eminem once took so much Methadonedoctors informed him that he had taken the equivalent of 4 bags of heroinand was about 2 hours from die
no,HillaryClinton POTUS realDonaldTrump they would take them to the methadone clinic in the morning
no,I am so pissed off... Our lovely government still wont cover my medication. Yet if I was a junky on methadone...
no,RT IRETApgh Study finds methadone clinics dont increase crime in Baltimore neighborhoods
no,I liked a YouTube video from z8jax CSGO Frags Methadone
no,Latest review article about treating opioid use disorders from New England Journal of Medicine suboxone methadone
no,The Stigma Behind Opioid Replacement Therapy opioids heroin methadone
no,Methadone is the most popular addiciotn treatment it accounts for 1/3 of Americas opioid overdoses. Diacetylmorphine is a much safer option
no,So apparently the Methadone clinic is NOT a Pokestop and they WILL ask you to leave.
no,Starbucks early in the morning looks like a Methadone Clinic
no,"Overheard ""There are so many Drowzees around here I wonder if its because of the methadone clinic"""
no,sherlock fucking holmes of Rx just uncovered target barbiturates. well well what to do..
no,will only the three bs can kill you beerbarbiturates and bars jasmine but guns cant kill you so were good
yes,I feel the barbiturates in my blood
no,AlexWodak also Barbiturates = sleeping pills equals impairment = known drugs of dependence and abuse
no,kathygriffin Id rather take a handful of barbiturates chase them with Jack. I remember when you were funny not such a political hack.
no,Ill hit you as hard as barbiturates in the ribs with a switch and stitch you at the same time before you can clinch to itsmh
no,norskole Probably Rx barbiturates. Theyre the Millennial thing now. Legal at Work make you calm docile STONED.
no,The Use of Benzodiazepines for Tinnitus Systematic Review
no,RT MadInAmerica “Study Reveals Benzodiazepines Frequently Prescribed to HighRisk Patients”benzos
no,RT EurekaMag EurekaMag 15benzodiazepines as CCKB antagonists Effect of halogen substitution at the benzofused ring on…
no,EurekaMag 15benzodiazepines as CCKB antagonists Effect of halogen substitution at the benzofused ring on…
no,RT grimonprezf Impact of P4P program on physicians benzodiazepines prescription CAPI contract does not allow savings
no,RT 86budyanskiy Both Costa and Haefely showed that the benzodiazepines work by augmenting the actions of a neurotransmitter called gamma…
no,Impact of P4P program on physicians benzodiazepines prescription CAPI contract does not allow savings
no,RubinReport See they put Benzodiazepines and soma as less dangerous than steroids its bullshit
no,.realDonaldTrump Treatment 4 bipolar mania are lithium anticonvulsants antipsychotics benzodiazepines get obamacare 4help taxfrauddon
no,ncfarside LosinDonald billmaher Treatment 4 bipolar mania include lithium certain anticonvulsants antipsychotics and benzodiazepines.
yes,ActuallyNPH Ive been a nurse for 27 years and had 5 back surgeries.. Weed helps. Muscle relaxers.. Benzodiazepines short term
no,Benzodiazepines Basic Information Withdrawal via YouTube
yes,Good thing benzodiazepines are cheaper than a bag of pot am I right
no,RT Rivapendon Not sure what Benzos are Click here to find outbenzos etizolam
no,Both Costa and Haefely showed that the benzodiazepines work by augmenting the actions of a neurotransmitter called gammaaminobutyric acid
yes,oldstocknews Bill Clinton was extremely high on benzodiazepines. As a drugged up clown he is entertaining.
no,laurabullock1 grandmaj2 skinnypresident rlisaacks dnova03 maybe a drug combo Benzodiazepines will do that damage to an individual
no,"RT HouseFeminist ""Outside"" is just a scam manufactured by Big Pharm to sell more allergy medicine and benzodiazepines"
no,Brain Damage from Benzodiazepines The Troubling Facts Risks and History of Minor Tranquilizers | Psychology Today
no,RT intrayspect Alcohol led to 30700 deaths in America last year. BenzodiazepinesValium killed 8500. These drugs are legal lethal an…
no,"RT amaditalks The second most common form of ""hydrocodone overdose"" is actually mixing it with benzodiazepines like Ativan or Xanax comm…"
no,RT forestfr1ends we got sherbet bombs jelly babies benzodiazepines and most prescription based sedatives. we got wine gums...
no,grillzoid What in the world Big Pharma Parmigiana Do they cover the chicken breast in benzodiazepines instead of cheese
no,people say BenZo and i just think of benzodiazepines.
no,mhcreek Hahahaha Thats way different than antidepressants. Benzodiazepines are for taking the edge off. AllisulliOTProf
yes,"If youve seen the movie ""Limitless"" then you know how I am when I take Benzodiazepines....??"
no,Three main classes of synthetic drugs include benzodiazepines barbiturates and nonbenzodiazepinenonbarbiturate drugsnclex nursingschool
no,"Im not sure but I think benzodiazepines must hang out at ""The Xanax Bar""BipolarHumour FightStigmaWithHumour FightStigmaWithEducation"
no,RT psmchsRT ???????RTBenzodiazepines with Pregnant Patient on Mechanical Ventilation ?
no,RT Rivapendon Not sure what Benzos are Click here to find outbenzos etizolam
no,"Professor is explaining benzodiazepines in class this girl just asked ""sir is this why I dont remember anything when Im barred tf out"""
no,KazmierskiR worldnetdaily no she just forgot to take her benzodiazepines
no,benzodiazepines A scraping or rubbing away of the skin or other surface.
yes,I am so relieved I have a cracker box full of benzodiazepines mood stabilizers otherwise I wouldnt be able to live in the real world
no,IntervalThinks AnneCooke14 Media coverage Like Esther Rantzen and the benzodiazepines scandal
no,benzodiazepines Swelling of the membranes that cover and protect the brain and spinal cord.
no,But heres to the pain of only seeing you when I dreamAnd heres to that second hit of benzodiazepines
no,SeaWorld has been giving benzodiazepines psychoactive drugs to some of its orcas on a regular basis OpSeaWorld
no,TforTrouble maybe you need to consider benzodiazepines Tristan
no,Treating anxiety often involves cognitivebehavioral therapy and antidepressant medications. Benzodiazepines are...
no,Excuse me sir the Kingdom of God is at hand but do you have a moment to talk about the lifechanging power of benzodiazepines
no,Opiates benzodiazepines tranquilizers....shit aint nothing to fuck with.
no,Instead of benzodiazepines try a brief news blackout
no,Withdrawing Benzodiazepines in Patients With Anxiety Disorders
no,Xanax is a famous brand for benzodiazepines used in many local hospital.Get familiar?
no,bindruid How long have you been off benzodiazepines It does take time but you will heal a lot with time.
yes,JohnEJefferson happy to help. Legal diazepam is never blue whatever the strength.All benzodiazepines are highly addictive sadly
no,RT AustPrescriber Dentists Are patients seeking prescriptions for benzodiazepines or opioids to sell them
no,Doctorprescribed benzodiazepines lead to physical dependence. Man forced to cold turkey dies.
no,RT straightnofiltr Peace through benzodiazepines.
no,eyesharr Lool lets not think negatively already All youre going to be doing is providing Aston with benzodiazepines coz they need it ?
no,RT landpsychology Overdose of heroin is usually caused by interactions with other depressant drugs like alcohol or benzodiazepines.
no,ALCOHOL BENZODIAZEPINESA resource for people who use drugs...
no,RT Emilymft Benzodiazepines not recommended for patients with PTSD or recent trauma via WKHealth EurekAlertAAAS
no,RT jordanfallis TruehopeEmpower Theyre so dangerous too. They can deplete critical nutrients
no,RT DrAlakbarov Drug workers say the problem of fake Valium and other benzodiazepines is out of control in towns across Scotland.
no,I started my day with such self care I am in awe. Healthy breakfast spiritual stuff benzodiazepines vs anxiety. So good.
no,Found the Benzodiazepines. Lit win.
yes,RT landpsychology Overdose of heroin is usually caused by interactions with other depressant drugs like alcohol or benzodiazepines.
no,Otherwise online pharmacy page buy amoxicillin without a prescription tilting buy zithromax clamping benzodiazepines. …
no,FannibalLife amyjames1203 This will probably require extensive planning and benzodiazepines.
yes,RT landpsychology Overdose of heroin is usually caused by interactions with other depressant drugs like alcohol or benzodiazepines.
no,WickedDee Its alprazolam and alprazolam are benzodiazepines
yes,WickedDee You NEED to stop. benzodiazepines are really harmful. Im worried about you ?
no,brothersosborne joerogan LAWeekly opiates and benzodiazepines are killing people and lead to other substance abuse.
no,Sam Esmali always on some psychedelic trippy barbiturates when writing Mr Robot
no,RT movable1 The birth of modern chemistry was the birth of barbiturates . . . and the end of vitalism via mother…
no,RT MometrixNCLEX Three main classes of synthetic drugs include benzodiazepines barbiturates and nonbenzodiazepinenonbarbiturate drugs…
no,I think NancyPelosi is on barbiturates Holy shit shes burnt TrumpTrain
no,Three main classes of synthetic drugs include benzodiazepines barbiturates and nonbenzodiazepinenonbarbiturate drugsnclex nursingschool
no,Today I signed a petition to legalize assisted suicide in my own mix of blood alcohol and barbiturates.
no,The principles of justice are chosen behind a veil of barbiturates. John Rawls messupaquote
no,it hurts to the core..need barbiturates statDolceAmoreConnivance
no,RT Devon4Real AnthonyFolsomSr NYGovCuomo id rather imbibe a plant than be peddled opioids barbiturates by legal drug pushers backed…
no,AnthonyFolsomSr NYGovCuomo id rather imbibe a plant than be peddled opioids barbiturates by legal drug pushers backed by big Pharma
yes,word. they out here eating fent and heroin
yes,you have the most amazing restrooms to shoot heroin in
yes,what's the surprise  me involved anyhow anyhow ...thank u heroin
yes,patricia go fucking shoot some more heroin youâ€™re a nobody
no,home drug tests are BS I put lemonade mixer water in one it said I failed for THC barbiturates LOL
no,BREAKING NEWS France prevents BRENTRY by staffing Calais with a tired goat on barbiturates. Brexit Brentry
yes,DavidKHarbour LMAO Ill bring the barbiturates if you bring the booze meet you econolodge epicenter of rude bed interactions in 15 ??
yes,RT Nudah WeNeedFeminlsm this man also abused several barbiturates and killed himself after a 48 hour drug binge. we need all men to be l…
no,It only takes one of me to totally humiliate you. Like taking OxyContin from a comatose Limbaughgunsense
no,RT michaelallenmar Research Harry Reid Dorgan Amendmntor all of HILLARYs Oxycontin Contributions..not good for your script prices h…
yes,HE is already at the drug insult stage. That means hes into his OxyContin stashgunsense
no,RT latimesharriet Inside an L.A. OxyContin ring that pushed more than 1 million pills. What the drugmaker knew
no,RT T3CHN9CIAN Oxycontin RT KUSHCommon Cannabis is safer then
no,AlwaysTrump realDonaldTrump Yes Health care professionals salute you Rx for weed vs. Vicodin OxyContin Percocet Valium Ambien ...
yes,Order High quality oxycontin Online15 discountNo Prescription Required
yes,oxycontin bitch Im toxic
yes,RT AbeOudshoorn Its not Oxycontin that is the issue its not Fentanyl that is the issue its addiction. Addiction is the issue strike…
no,LordGalactus yes lol OxyContin for my back pain
no,RT jeffgrantct More than 1 million OxyContin pills ended up in the hands of criminals addicts. What the drugmaker knew LA Times
no,I am coming off of 8 years on OxyContin and Dilaudid I posted in the need to talk forum but I think this mi...
no,RT WSJRisk Purdue Pharmas confrontation of an latimes investigation is the latest crisis of the week
yes,RT quinncy Man Back On OxyContin
yes,purduepharma that shit you put in ur pills to gel them up is highly wack. Are u ever planning on Making OxyContin Great Again ??
no,As people hooked on Vicodin OxyContin and Percocet find it harder to get their medicines from the doctor they...
no,PlinytheElder erasmuslijn like... lets talk about oxycontin
no,What a sad lonely driedup disgusting horse face cunt you are. Please take a full bottle of OxyContin.
no,"RT EquityArcade ""Dr. Mario throwing pills at people is why were all addicted to Oxycontin"" SmashBros"
yes,The pills into laced blunts got me gone boy The Oxycontin and heavy syrup got me looking in the mirror saying Is you a dope fiend or a dop
no,OxyContin got her with a body count..
yes,mmfa Rush is a fat OxyContin addict.
no,Bills smoking oxycontin or something listening to slicks Bt¢h is that painful you need hillbilly heroine to endure
no,I got my homies oxycontin xanny bar beside me yahhh..
no,PeasParsley sup bruh one of the highlights of last night was you being harassed by that local OxyContin goblin
no,BarroldBonds Im concerned about rushed through Oxycontin trials due to lobbying. Am I prosuffering as a result
no,AnnCoulter the US will be a much better place when you OD from heroin and OxyContin. Break a leg you insufferable cunt.
no,oscarkurucastro oh same Im snorting some OxyContin tryna overdose AF
no,PublixAssists U sell oxycontin that kills peopl n u want to stop Cannabis a safe alternative that has never killed anyone. I boycott U
no,hrkbenowen duratote youll have to excuse Rush he was strung out on OxyContin when he said that
no,Just a warning loves. Im on OxyContin for pain so if something doesnt make sense just tell me please and I will fix it.
no,RT ValVenisEnt PUBLIX DONATED 800000.00 TO FLORIDAS ANTICANNABIS CAMPAIGN IN ORDER TO PROTECT THEIR ALCOHOL CIGARETTES AND OXYCONTI…
yes,this kid at my job takes 2 OxyContin throughout his shifts and still functions wtf lol
no,If that is antivax being mad about Oxycontin trials being passed a long is propain.
no,Coastal Horizon representatives say OxyContin and Percocet are the top two abused opiates among teenagers
no,limbaugh will you be having Oxycontin and hookers
no,You want a description of hell OxyContins 12hour problem InvestigatingOxy oxycontin heroin overdose
no,RT michaelallenmar DEMEXITResearch Harry Reid Dorgan Amendmntor all of HILLARYs Oxycontin ContributionsTHINK
yes,Hello im swollen af and taking oxycontin so cant feel anything
no,YOU CAN LISTEN TO THE LORD???????or you can listen to those?that want to sell your kids lithium and OxyContin?????
no,Treat Big Pharma like Big Tobacco Nah Just let everyone keep dying
no,RT jeffgrantct Purdue Pharma Confronts Allegations of Knowledge that it Knew OxyContin was sold illegally did nothing WSJ
no,Inside an L.A. OxyContin ring that pushed more than 1 million pills. What the drugmaker knew addiction
no,txicabs oxycontin lmao oxytocin is a hormone in the body oops
no,Nah its the oxycontin nods kickin in.
no,Defying medical board FDA approves painkiller that could be the next Oxycontin via MotherJones
no,"GlennDonaldson mrbbk only if we can start calling oxycontin ""hick tacs""."
yes,vdare Time for Bill to break out the oxycontin
no,Forget Trump or Hillary if the doctor writes me more oxycontin I can fix it.
no,RushLimbaugh I hope your OxyContin hillbillyheroin riddled ass is watching rushlimbaugh DNCinPHL DemsInPhilly
no,emptywheel mmfa ? Yep. Where is that fat oxycontin addict nowadays ? TrumpTheTraitor MAGA RahRahRah
no,More than 1 million OxyContin pills ended up in the hands of criminals and addicts. What the drugmaker knew
yes,I love OxyContin omg
no,Amid opioid epidemic rules for drug companies are loosened
no,RT anthony76730120 OPRAH WINFREY EXPOSED THAT SUBURBAN HIGH SCHOOLS DRUGS OF CHOICE ARE OXYCONTIN HEROIN IN ILLINOIS AINT DAT A BIT…
no,16x9 Dying By Prescription Oxycontin controversy via YouTube
no,Drug Industry Is Responsible for Mass Addiction via mercola health BigPharma addiction oxycontin DrugAbuse
no,The OxyContin problem in New England is bad.
no,Interested in Professional OxyContin InterventionServices We are here to help FFI
no,mmfa No interest in a heroin/OxyContin addicts views.
no,mmfa Rush...please eat more junk food...every day Plus your illegal oxycontin
no,Know firsthand gradually weaned off daily 120mg OxyContin via marijuana. It works. DrugPolicyOrg CopsSayLegalize
no,"nycjim thehill the opioid issue that has its origins more often than not in a doctors office. ""Oh your back hurts Say hello to OxyContin"
no,Order High quality oxycontin Online15 discountNo Prescription Required
no,NewHampshire sues PurduePharma misleading ads OxyContin
no,EricBoodman Why dont you write about actual Oxycontin that KILLS 200 people a day This can get people off that your an idiot
no,overloadedskips Im on OxyContinperocetValium and many more he would rather me be on that
no,Purdue delayed reporting excessive OxyContin prescribing statnews
yes,I wonder how it is that 3 days Oxycontin and my body nearly shuts down. Meanwhile Ive know people who have...
no,White people are drinking themselves to death and ODing on Oxycontin in droves but not enough to have a significant effect on the polls
no,RT consumerist The maker of Oxycontin was aware of possible pill mills and distribution rings but allegedly ignored these reports.
no,I been plotting thru my options on the dead bodies rottin/ While Im choppin Oxycontin Molly…
no,"RT thelordofgore ""the perils of drug use"" They distribute Xanax as well as Oxycontin two WIDELY abused pills."
no,Research Harry Reid Dorgan Amendmntor all of HILLARYs Oxycontin ContributionsTHEN LOOK AT YOUR PRESCRIPT PRICES
no,StephanieSimon DrewQJoseph Oh gosh if the Sacklers didnt want addicts they wouldnt have invented OxyContin and prescribe it to kids
yes,The fact I have to take OxyContin every morning just to get rid of the pain
no,RT fooddemocracy Breaking The Addiction Conspiracy How Government and Big Pharma Created an Epidemic OxyContin…
no,It must take a lot of Oxycontin enemas to get you to sleep at night. Youre a spineless piece of shit with no dignity. PrayerBoxAndy
no,"RT JillSilverShoes corrcomm politico realDonaldTrump OxyContin Too many years being a ""rock star"""
no,purduepharma lets talk about how you created this epidemic of drug overdoses and deaths w OxyContin.. liars legaldrugdealers rottinhell
no,alexhundert In the case of OxyContin it was pulled completely from market which was good. Cant do that w/ morphine fentanyl b/c useful.
no,Its hard to live with chronicpain when you run out of pain meds slightly early. OxyContin Norco for breakthrough. Still have Soma
no,Don youre upset. Gunputzes get that way when challenged. Take a deep breadth your OxyContingunsense
no,Our Ocean City OxyContin and Percocet possession attorneys can begin building a strong defense on your behalf immediately.
no,RT davidlandis TY odwyerpr for sharing Cision piece re PR changes since inception of LandisComm 25 yrs ago
no,amandamwalker Its heroin in a pill. Crazy. I know some people need it. But backpain doesnt need OxyContin...
no,amandamwalker Thats what you do. I only had an issue for a year doc prescribed me Oxycontin. NEVER had a problem before got hooked. =
yes,Sarah overcame her oxycontin and heroin addiction at Narconon Fresh Start oxycontin heroin via YouTube
yes,RT hollowgraphs leeohnole i love oxycontin
yes,LucPasq oxycontin oxynorm I think will be the way to go I dont care if Im sleepy or high.
no,RT judemgreen OxyContin drug addict serial drug peddler high again delusional attacks Democrats
no,RT judemgreen Bloated beach whale talks high on OxyContin
no,OxyContin drug addict serial drug peddler high again delusional attacks Democrats
no,she was an oxycontin girl in a heroin world
no,"RT faris ""Purdue Pharma—the makers of OxyContin—was a major funder of antimarijuana legalization efforts."""
yes,Publix will be happy to refill your Oxycontin b/c its a safe drug but medicalmarijuana is a gateway drug.
no,Truth Oxycontin Opiods MMJ Florida Legalize Marijuana Cannabis Cannabisvaping Mj
no,RT Checciii PainKiller call it OxyContin??We gon get this in the clubs real soon. ? ROUND3 x Checc…
no,LNseven5 people die from Xanax and oxycontin and big pharma companies ARE THE LEADING CAUSE OF DEATH IN THE UNITED STATES.Dumbass bitch.
no,RT tfoxlaw Crisis of the Week Purdue Pharma Confronts Oxycontin Allegations via WSJ
no,Limbaugh Says The Obamas Need To Let That Whole Slavery Thing Go While I Return to my OxyContin Abuse AUDIO
no,tiddies intestine day crying soda oxycontin fam sale
no,RT michaelallenmar Hillarys Prescription Pill ProblemOxyContin Inventor is a Clinton Foundation Donor
no,RT reputationnews How responsible is Purdue Pharma for OxyContin distribution in the drug world //twitter.com/BenDiPietro1/status/758…
no,GCHQ Vicodin OxyContin Ritalin Adderall Xanax Valium. Did u know prescription opioids killed 9000 people in the US in 2005 thats 38%
yes,RT Gaffitoff Ah You beat me to it. I was going to mention his love for oxycontin.
no,How many lives could cannabis save Instead we put Canadians on highly addictive opiates. Sad
no,My Oxycontin and Voltarin are working together to make me soo tired. I hope CriminalMinds starts on time tonight.
no,"abandonwindow id say ""do what u want"" but honestly fuck drugs. especially shit like codeine xanax and oxycontin. that shit is dirty"
no,RT UCLASemelFriend Inside an L.A. OxyContin ring that pushed more than 1 million pills. What the drugmaker knew addiction
no,RT KentSmalley Report OxyContin Makers Ignored Internal Warnings Of “Organized Drug Ring” Pill Mills
no,ReaganBattalion rushlimbaugh BoSnerdley a oxycontin Poppin junkie thats delusional full of hateful rhetoric blaming Bushs mess on Obama
no,RT UCLASemelFriend Inside an L.A. OxyContin ring that pushed more than 1 million pills. What the drugmaker knew addiction
no,cherryames1949 Limbaugh need to get over and off Oxycontin. ???.
no,5xo25161 they r Could it be oxycontin to be that out of touch or cymbalta
no,feel god d me boulder alright sponge fucko oxycontin
no,RT BenDiPietro1 Crisis of the Week Purdue Pharma Confronts Oxycontin Allegations
no,All I need to be comfortable around humans is Oxycontin
no,tylaelizabethh cuz u need them oxycontin honaaaay
no,Im told that OxyContin doesnt work for everyone. Seems I am one of those people for whom it has no effect.
no,TLW3 says a man who cant get over oxycontin
no,What PurduePharma Knew About 1 Million OxyContin Opioid Pills That Were Sold To Addicts Criminals
no,PRDailyNews Purdue Pharma Confronts Oxycontin Allegations Whats Right and Wrong with Media
no,salgovernale memetwalker is he on heroin or OxyContin
no,So disappointed in Publix for giving money to lobby against medical marijuana. Yet youll sell OxyContin. shame notapleasure greed
no,Oregon novelist envisions the toll OxyContin can take on a community
no,Because oxycontin morphine hydrocodone other prescription drugs are so much better for you. Big business for...
yes,thehill JUST IN Limbaugh could die of an OxyContin overdose.
no,Isolated initiatives have downside. e.g. OxyContin delistingBig picture eleanor70001 ODPRNResearch NightShiftMD
no,Purdue Pharma Confronts Oxycontin Allegations Whats Right and Wrong with Media
no,When he started was told hed likely be on oxycontin within a decade. Decade later hes still on Norco like Vicodin less acetaminophen
no,RT LeopoldJenna sandrabuarque RT UCLASemelFriend Inside an L.A. OxyContin ring that pushed more than 1 million pills. What t…
no,Overheard on 55th and Lex just now and thank God I had oxycontin
no,Blumenthal May Seek Hearing On OxyContin Maker
no,RT theefourth Vicodin Cocaine methamphetamine OxyContin and Adderall are all less harmful than marijuana in the DEAs eyes.....GTF…
no,BigCPDX I would bet something about oxycontin
no,OsaTheKing ecstasy and OxyContin tablets ?
no,RT BenDiPietro1 The WSJRisk Crisis of the Week Purdue Pharma Confronts Oxycontin Allegations
no,aaronwall Theyll usually throw in a bottle of oxycontin when you buy 10 or more links
no,RT KentSmalley Report OxyContin Makers Ignored Internal Warnings Of “Organized Drug Ring” Pill Mills
no,oxycontin xanax bars percocetslortabs valiums morhpine patches ecstasyits all up 4 grabwhatcha want whatcha need hit me up I gotchu mane
no,Steve Earle Oxycontin Blues
no,BullCityVA keidekay dizzyeyes Newport cigs navient prisons and OxyContin sit on cbc pact. Disgusting
no,RT Barrow518 Just had some dude in fort Edwards Cumbies telling me about how hes addicted to OxyContin because he girlfriend left him fo…
no,After sex females experience a spike in testosterone oxycontin and endorphin levels after ejaculated semen meets their cervical walls.
no,ReaganBattalion rushlimbaugh BoSnerdley a oxycontin Poppin junkie thats delusional full of hateful rhetoric blaming Bushs mess on Obama
no,cherryames1949 Limbaugh need to get over and off Oxycontin. ???.
no,blahhhnca ? why ...... You want some I got Vicodin ibuprofen Advil aleve OxyContin norcos lidocaine and some pain relief patches
no,So disappointed in Publix for giving money to lobby against medical marijuana. Yet youll sell OxyContin. shame notapleasure greed
no,Oregon novelist envisions the toll OxyContin can take on a community
no,RT DDDrolett33 OutFrontCNN ddlovato CNN go buy a gun six pack and oxycontin in Philly tonight..have a blast...
no,RT StarvingWriter mmfa Rush Limbaugh needs to get off Twinkies and OxyContin.
no,Purdue Pharma Confronts Oxycontin Allegations Whats Right and Wrong with Media
yes,Overheard on 55th and Lex just now and thank God I had oxycontin
yes,wjxt4 WJXTvic Thats because they were being admitted for OxyContin overdoses instead. The only thing thats changed is the drug.
yes,OutFrontCNN ddlovato CNN go buy a gun six pack and oxycontin in Philly tonight..have a blast...
no,RT MarkelWells18 No I fucking didnt ? OxyContin too much
no,No I fucking didnt ? OxyContin too much
yes,HeyyUmniya I did OxyContin last time. And it helped.
no,Pills do not cure pain. ISPITeam The continued disaster of OxyContin.
no,TylerMcNally True story. Heroin and Oxycontin are rampant. Would be a good story to tell. 75 MI from DC.
yes,You know whose real fun to do OxyContin and crystal meth with My boy Antonio Benson. He is one sweet Canuck But he only does weed Pussy?
yes,andyrutledge Nah youre on OxyContin and think Im drunk
no,Crisis of the Week Purdue Pharma Confronts Oxycontin Allegations Wall Street Journal…
no,JimJlr2 FNTHEHALLS sross0830 WillMcAvoyACN The DNC forced me to vote Clinton then snort OxyContin too. Sad
no,"Hey never know. Rush might get back on OxyContin and ""stop"" himself for us all."
no,~Drugs like OxyContin® are not illegal and dont carry the same stigma as heroin and cocaine. READ MORE
yes,I survived a significant overdose of OxyContin on Friday. Barely.
yes,FreneticSqueak chemicalcrux I was on oxycontin a while back for some severe abdominal pain and it made me so stupid I still cringe
no,Order High quality oxycontin Online15 discountNo Prescription Required
no,chemicalcrux fauxlacine LessThan3Art My wisdom tooth surgery ended with oxycontin which may have been overkill
no,RT reputationnews Purdue Pharma rebuts the latimes report the OxyContin crisis. Our CEO in WSJRisk
no,RT FanSince09 I forgot what a humid muggy nightmare florida is. This is unsuitable for human life. No wonder everyone here needs OxyConti…
no,crashwong oxycontin and hot water is a tea right
no,RT HIGHTIMESMag Report Drugmaker Knew OxyContin Was Being Distributed Illegally Did Nothing.
no,Reince How do you sleep at night Valium and a fifth turns to Oxycontin pretty fast dude WalkingDeadGOP
no,AMAZINGPurdue Pharma the manufacturers of OxyContin were permitted by FDA to include a label that described...
no,How a million OxyContin pills hit the streets LOS ANGELES — In the waning days of summer in 2008 a ... health
yes,RieLaurent Oxycontin oxynorm Swimming. Swimming more for mental health. I have lost most of my mobility. Only 2 mins pain relief is sauna
yes,RT tempusfudgets YOU chase SOLO While we drink RITALIN It may be more likely than you think postclassicmemearthouse
no,1/4 lorazepam ritalin 10 mg. Hire someone good at packing to do the part you cant. it is simple people r different
no,so StarTrekBeyond . enjoyed it the most of the JJs. It was a 60s episode edited on Ritalin for the ADD Gen. i guess thats good
yes,cutefuss bc its a harsh drug mostly i just felt SUPER AWAKE for the first week then was fine and its effective. ive also tried ritalin
no,Order Ritalin online reddit ONLINE Ritalin COD cheap Ritalin for...
no,I liked a YouTube video from studioctv Ritalin Flirting
no,Sounds like you could use some RR. Rum and Ritalin. DrSpaceman
no,RT topazkell No thanks Ritalin Id rather not pay attention.
no,Sinister literature read my riddles itll rid of ya quicker than Ritalin red bones leave me with a ridden dick how real is this
yes,takes ritalin
no,half a ritalin a bowl outta sweet pea
yes,BreitbartNews Looks like her Ritalin was wearing off...
no,need a little RR rum ritalin
no,SALE ritalin Order Discount Low cost ritalin medication
no,RuthEleanorE If it were human we might suggest Ritalin itsateacherthing
no,RT jaycemeyer Shove Ritalin up your ass to calm your ass down
no,Majority of Americans misuse prescription drugs PBS NewsHour Ritalin Addiction Support
yes,RT stephenkruiser Really glad Im no longer part of the Tortured Clusterfuck party that has to defend a nominee who needs a Ritalin IV …
yes,Delicious Ritalin sandwiches
no,joegarden She had me quit the Ritalin Id switched to and then had me quit caffeine. Quitting caffeine was 100x worse It helped...
yes,Fedup39079284 ok its medication time for you now kid your Ritalin is ready .
no,Really glad Im no longer part of the Tortured Clusterfuck party that has to defend a nominee who needs a Ritalin IV a ballgag.
no,RT topazkell No thanks Ritalin Id rather not pay attention.
no,BillyT202 NishRanjith NYSE xinemd hes a day trader on Ritalin
yes,Gotta hell of a vision...I need some ritalin
no,Say hi to the Ritalin regimen
no,I took my Ritalin too soon after drinking a ton of coffee and now Im thinking about the.
no,RT GareBearEsq Watching these Trump bros and dudebros makes me realize America prescribed way too much Ritalin the last two decades.
no,Calm my bad nerves. I call him my Ritalin.
yes,"paulfeig 1 word Paul ""Ritalin""... that should help you relax...."
yes,soda pop and ritalin
no,eclecticbrotha Is he still blathering on He must have been on Ritalin all his childhood
no,RT ryanarey This tweet in 100 years a photo or Ritalin with the same caption.
no,RT zigzilla Calm my bad nerves I call her my Ritalin.
yes,tomtomorrow He obviously skipped his Ritalin yesterday.
no,realDonaldTrump I think I speak for a lot of people when I say you need some Ritalin. DonaldTrump CNN Democrats Republican
no,Mountain freeride freerideblog enduro mountainbike blog news bikepark alpencross test review erfahrungen
no,GrampCamp Ivr already had 2 doses of my ritalin. Im so in need of sleep I cant get off of Twitter.
no,Few questions about Ritalin and Ritalinweed
no,This one is about the dangers of prescription drugs to students especially Ritalin
no,RT Annrhefn Aldous Huxley on The Pharmacological Society... Pass the Ritalin... Be Sure To Thank Big Pharma...
no,RT topazkell No thanks Ritalin Id rather not pay attention.
no,RT Civcivhoca Canim Ritalin?
no,RT COpeakpolitics .CRobertBuchanan dnvrite we know its tough but pop some Ritalin and think real hard copolitics
no,ritalin gives me night terrors
no,Dont forget your ritalin. Youre empty without it. But selfdeprecation never goes away luck is ever out of reach.
no,half a ritalin
no,soda pop and ritalin
yes,and hunter has a rolled upped $100 bill for snorting a mountain of china white heroin.
yes,"rt : my brother and cousin were heroin addicts, before they died they never once swapped bags of pasta and tins of soup for druâ€¦"
yes,i'd rather die of heroin overdose than go to live in one of those places. 
yes,looks like he turned into a heroin addict
yes,rt : haha this heroin is bangin right now iâ€™m so high
yes,"if you were my mp, i'd be injecting heroin into my eyeballs too."
yes,"shooting heroin into my cock and balls because ""its illegal for a reason"""
no,DonOfGreatness Ivanka only lets me have Adderall and Ritalin
no,RT DrThomasPaul Kids chop up Ritalin Adderall snorting it like cocaine. The longer kids are on toxic drugs the more likely theyll…
no,Calm my bad nerves I call her my Ritalin.
no,ThePracticalDev Accept ritalin/pill
yes,mascdonna GreenFootballs yes some of his behavior could be seen as over use of psychoactive drugs Ritalin etc.
no,Road Bikes Not Ritalin How Cycling Can Help Kids with ADHD via outsidemagazine
yes,does anyone wanna trade xannies or ritalin or adderall idk im not picky for companionship
no,Alcohol X Ritalin Snorted X Weed
yes,Salon If this is not the greatest argument to get prescription drug cost down. Ritalin for Alex and Don
no,realDonaldTrump r u on drugs If so thats so sad. would explain a lot about ur anger wackoTrump crazyTrump TaxcheatTrump gop Ritalin
no,found out ritalin is very close in composition to meth so thats fantastic
no,Wave hi to the Ritalin Regiment. Double S shit Swastikas on a letterman. Hungry wolves at the door bitch let us in.
no,SALE ritalin Order Discount Low cost ritalin medication
no,RT Annrhefn Aldous Huxley on The Pharmacological Society... Pass the Ritalin... Be Sure To Thank Big Pharma...
yes,Virescence i always drink monster on my ritalin and im not dead yet so
no,"RT LeVinCoeur ""Dema. You make me need Ritalin or something."" karynwag Oh"
no,alissaisok from what little I understand the ritalin was used to amplify the other drugs. beyond that i dont know.
no,My psychiatrist prescribed me Ritalin and Ive only taken one of the two dosages prescribed the past two days and I already feel messed
no,alissaisok not a doctor etc. I have friends who have been prescribed Ritalin antideps so I doubt there is normally a bad interaction.
no,Doctors or whoever knows Does Ritalin have a dangerous impact on a person taking mood stabilizers and/or antidepressants
no,What strength Ritalin is that scoreboard operator taking
no,ReaganBattalion realDonaldTrump He is showing us that he has no restraint. We know the truth hurts Donald. I think he needs Ritalin SMGDH
no,Give me some Ritalin and a can of Copenhagen
no,What does it gain me to get through my workday alright but lose my best friends Step 1 Get off Ritalin.
yes,RT tanukimusic Nothing like some ritalin and Red Bull for breakfast ?
no,"RT HSScotDirector Charity leaders imagine a funders face if you claimed for supply of Ritalin. ""Just trying to meet outcomes."""
no,burkelmt Im coming to Rhinehaus to feed your Ritalin next time Im home in Ohio
no,RT josemanuel02010 Rightwingknight As for Katy Perry what possessed her to turn to dark left side. Maybe too much corn syrup Ritalin and…
no,"RT elblogdelupi Acabo de ver el documental de Spike Lee Michael Jacksons Journey From Motown to Off the Wall"" se los recomiendo"
yes,"Making monoliths outta sweet nothings from day dreams because it was inappropriate to sit and think. But taking Ritalin was ""helpful"". Na"
no,Can iodine affect MentalHealth depression womenshealth ritalin add adhd MyZenHaus
no,topazkell May ritalin dont ever see this
no,IlCobra21 I saw a story a few years ago that pro gamers use Ritalin to aid concentration
no,IsVittra they are then put on Ritalin or an equivalent to make them more manageable.
no,RT AdderallSupport Pay Attention to What Ritalin Is Doing to Your Heart Newsmax Ritalin Addiction Support
no,RT kal1sta wave high to the ritalin regiment
no,nanotechexec LIE=spent a lifetime fighting for famileschildren. The 16mil RITALIN victims should VOTE NO have voice heard for a change
yes,I need ritalin
yes,I hated Ritalin. When it wasnt up my nose. Too bad cannabis isnt a real option for kids these days. Hopefully one day soon tho.
no,These beads are the EXACT color of my Ritalin so of course I added squirrels.
no,realDonaldTrump time for your Ritalin Donald.
yes,Knitlife more ritalin please
no,JustJustinFLDonald you missed your Ritalin dose todayTrumpLiesMatterDumpTrumpHillary2016
no,njalbanese FloridaIslesFan I feel like I shouldnt need to snort ritalin to enjoy a show but tea lizard
no,FloridaIslesFan BroadwayJayEsq I told you it starts slow you fuckwad. Take some of your Ritalin and out on your big boy pants
no,RT johnpender123 DNCC Hillary on speed Extra Strength Zoloft Ritalin
no,Ugh fuck US politics. Im exhausted. There is Ritalin in their water.
no,ericnardin you gotta stop taking your Ritalin after lunchtime kid. And for damn sure stop chasing it with a Red Bull.
no,RT ArtofNBG I was diagnosed with attention deficit disorder at a young age. Educators said I could not pay attention. They sai…
no,marcorubio Use that water bottle to wash down a Ritalin. Your ADD is acting up.
no,Speaking of which realDonaldTrump hows your inability to concentrate working out for you Ritalin boy
no,RT kal1sta wave high to the ritalin regiment
no,DNCC Hillary on speed Extra Strength Zoloft Ritalin
no,RT Morpheous14 Anyone have some Ritalin I can have...kinda wired tonight.
no,how can Lord live with himself Must be the Ritalin
no,RT topazkell No thanks Ritalin Id rather not pay attention.
no,My mom told my grandpa that he needs Ritalin lmaooooo
no,RT AprilQuotes This is an impression of my sister. Hi Im Natalie. I love Ritalin and have low self esteem parksandrecreation
no,Jamie7Keller MTGCannon natashalh It was actually my tendency to get in car accidents bc I was easily distracted that got me my Ritalin.
yes,iamcandydax Omgosh. Adderall is my favorite Ha. I did have a dark period in college where I snorted it or Ritalin. Oops. H
no,Ritalin the lobotomy of the 21st century
no,Jennifer Granholm is cute but she needs a Ritalin. DNCinPHL DemsInPhilly DemConvention
no,RT AdderallSupport Can an Addiction Memoir Help Us Understand Wall Street The New Yorker Ritalin Addiction S…
no,RT findrealhealth Taking Ritalin for ADHD Understand the side effects
no,realDonaldTrump in Davenport needs a TelePrompTer or Ritalin...you be the judgeshortattentionspanTrump
yes,Ritalin gives me hot flashes like no other. Im at work sweating out my blow out. ?
no,RT ArtofNBG I was diagnosed with attention deficit disorder at a young age. Educators said I could not pay attention. They sai…
yes,Im on that Ritalin.Got me some Ritalin.Ritalin Ritalin Ritalin Ritalin Ritalin?
no,Ritalin gang BDUTT start ur rants
no,I talk A LOT. So beware meeting me irl when Im off the Ritalin its a bit of a wild ride.
no,And soon the Ritalin did fade and only ADD and stress hormones remained
no,DefiantFury Ritalin
no,SALE ritalin Order Discount Low cost ritalin medication
yes,leyvamelissa you did ritalin????
no,siIveraph please dont take 5 ritalin silver...
yes,gotta hell of a vision I need some Ritalin
yes,nztheword And shes like Ritalin but mostly shes more like Skittles covered in LSD
no,if they put me on Ritalin or something though my Twitter would be 300% less entertaining
no,After watching Jerry OConnell on Live With Kelly I need a Ritalin.
no,Hey Button Boy at BB18 enough with the fish every 2 minutes enough of the Ritalin take a Xanax BBLF
no,nowplaying the pillows Ritalin 202 / Thank you my twilight
no,RT GeenaJagger Its not my specialty but Im thinking someone forgot to take his RitalinKaineInPhillyDemConvention
yes,also when I was 14 I took Ritalin and rolled around on the floor and then went on chat roulette and tallied how many dicks I saw in an hour
yes,Got a helluva vision I need some ritalin...
yes,Lol you need Ritalin
no,Zora needs to slow down on the Ritalin Greenleaf
no,How is that not a balk Dude looks like he needs some Ritalin
no,RT shrinkboymd Feed him some presidential Ritalin. Hell be fine. Actually maybe some Xanadderall™? greglant77…
no,Calm my bad nerves call her my ritalin
no,And now you see parents stealing their kids Ritalin...
no,Kapriciouss awesomemattg SkiddDog oh I did play it not all but a portion it was in my Ritalin days so I dont remember much from then
yes,Ramona needs Ritalin. RHONY
yes,THIS MOTHERFUCKER TOLD CHANCE HE NEEDS RITALIN I GOTTA GO
no,Kindergarten everything was great first grade I realized all my friends were fake Fuck taking Ritalin 10 years later I was getting baked
no,RT RayDillon Please support this graphic novel RAISED ON RITALIN tylerpage Book is completed Needs printing A…
no,YallAintShit sounds like you need some Ritalin ? Lmao
no,Got a hell of a vision I need some Ritalin I got them Goals And They Permanent Eastdown…
no,kid 3 changed from Ritalin to Concerta. Second day she tidied her room... wow. Trial exams next week. Fingers crossed.
no,Too many malicious suspicious bitches I got a helluva vision I need some Ritalin
yes,I didnt even start ritalin that long ago like. I started it in june. and before that I was having trouble but like I could still Do Shit
yes,LinManuel Miranda Dave Grohl on DRUNK HISTORY next season. Bring your ritalin
no,Flipflopping like a fish outta water on Ritalin.
no,The only thing that will get me through this day is my prescription of Ritalin.
no,Too many malicious suspicious bitches..gotta hell of a vision I need sum Ritalin
no,kyriscrass thats shitty dude. Im lucky yes that ritalin just works for me and makes the problem all but go away. youre not beyond helptho
no,Bubble tea is what those Russian athletes were on. No doubt. Anybody got Ritalin
no,Good Morning Ritalin
yes,So much work Im gunna die but thanks to Ritalin which I just took offlabel now Im loaded
yes,DrJAshton Im on a lot of meds for pain and bladder. Im always tired i take Ritalin to keep me awake what else can I take to stay awake
no,GCHQ Vicodin OxyContin Ritalin Adderall Xanax Valium. Did u know prescription opioids killed 9000 people in the US in 2005 thats 38%
yes,He needs to get back on the ritalin
no,"ronjatimber JDefiant9 educational system better suited for girls ""hyperactive"" boys now put on ritalin 1 in 5 in the US"
no,RT TomK Suppose it was ritalin for the rest of them if bulldogs or football didnt do the job
no,Have dependency issuesYesYou suffer from Anorexia.This causes infertility.Try Ritalin
no,1.My guess is that shes probably on drugsRitalin maybeand the bruises could be because she had a fight with her parents saveMarinaJoyce
no,Rospiriotol Ritalin etc Psuedoephadrine hows that going for the guvment auspol scum
no,imstandinstill what about Modafinil or Ritalin Do all amphetamine based drugs need psychiatric prescription
no,mitchellvii are you busy fondling trumps little balls this Am You little cuckold Republicans are a joke. STFU and go pop some Ritalin.
no,Have projectile vomitYou probably have Pica.This causes bellybutton growth.Try Ritalin
no,yep every one of my friends has taken ritalin adderol or something at some point to get through ridiculous hoops
no,nanotechexec their RITALIN Crazy Checks Scam via that group screwed up 16million children now in need of permanent PUBLIC MONEY SUPPORT
no,kyliemmason I watch their videos and feel like I need to give them Ritalin.
no,ManuTwinkerbell Ritalin ? jubry
no,Gassing is done with Ritalin Prozac nowadays these are modern progressive times.
yes,HouseCracka Motel too much Ritalin.
no,Some of you folks need Ritalin
no,ignorance Ritalin heroic nonsense nonsenseengine
no,The Ritalin has affected your little cracker brains too deeply
no,Paul trying to call Walgreens for his Ritalin bb18
no,When I dont know which QB to start I sniff squirrel edit squirrel pooh is my Ritalin Sas
yes,Laflaredagreat I got Ritalin
yes,IfYouWantHelpMoving try Ritalin if that dont work try meth.
no,RT GomerBlog Coffee. Filling the body with a steady stream of overthecounter Ritalin since the 9th century. coffeeaddict hcsm FOAMed
no,10 Things Adderall Does in the Brain and Bodyadderall add adhd psychiatry pharmacology ritalin drugs
no,Interview with a hyperactive 4 year old. Great idea ROOT Sports. Get him some Ritalin.
no,That little boy at the Pirates game needs some fuckin Ritalin
no,scmusicpolitics here mate have some ritalin. Calm. Xxx
no,Ritalin At A Rave
no,OMG my dogs need Ritalin... A new dog moved in.
no,CGasparino ur impression of him is that he is animated for show or he is just animated cuz perhaps he needs Vit R aka ritalin
no,White guilt is pathetic. Why dont they just OD on Ritalin already
no,the bartender at my job just snorted ritalin and asked me if i wanted some jontaffer please save me
no,"From this article ""Although some parents have expressed the fear that Ritalin and other stimulant medications..."
no,fismat One question claimed Ritalin causes tourettes.
no,KrisSacrebleu Valerian root is a decent remedy for his blood pressure but that guy needs to take his Ritalin.
no,Maybe a course of meds like Ritalin and AdderallWorry if Hillary Clinton Wins What to Do With Bill
no,SALE ritalin Order Discount Low cost ritalin medication
no,Theres someone who calls himself Cannonball Adderall but nobodys claimed Lee Ritalin
no,As well as being great for their general health and wellbeing cycling can help children with ADHD.
no,Dangerous Side Effects of Ritalin Is Your Childs Health At Risk ADHDMedications
yes,takes ritalin
no,pzf BETTER THAN RITALIN
no,thednaofmath AndreaNRuth bvonloh JayCaruso but even more so about the restrictions lack of freedom Ritalin etc they grewup with
no,A3 Many adolescents diagnosed w/ADHD erroneously then become addicted to Adderall/Ritalin etc. before their brains develop. SoberUSA
no,Elliott needs Ritalin
yes,took a Ritalin and now I cant stop vacuuming lol
no,RT hiitsmolly i need to take ritalin to clean my room but i need to clean my room to find my ritalin
no,have fun living in a fucking pigsty ill put my ritalin to good use and do my summer homework
no,Too many malicious suspicious bitches Got a hell of a vision I need some Ritalin
no,Im sleepy. Idk if I want to start on my Ritalin again today or wait a little bit
no,NEETODACHI Ive been told because of my ADD and the way Ritalin works for me I would LOVE it
no,RT coppert4nk I liked a YouTube video Fair to Midland Whiskey and Ritalin Live
no,Altonese86 MartinBKing4148 ritalin
no,RT PsychDrugsKill Prozac Ritalin Zoloft... all psychdrugs pose a substantial risk for drug induced suicidality and violence.
no,I wonder how many people will be drugged up on Adderall and Ritalin tomorrow LMAOOO probably a solid 1000
no,RT nanotechexec Hillarys RITALIN crazy checks scam destroyed the brains of 16 million children. PROCHILD she is NOT
no,"Dont pray for your ""crazy uncle"" give him Ritalin and Xanax."
no,Suppose it was ritalin for the rest of them if bulldogs or football didnt do the job
no,make it go away so i can sleep...sleep ritalin.
no,i wish there was like...sleep ritalin
no,TaxPlantation AmyOtto8 A grownup in need of Ritalin
no,fuckviva ConfettiPixie I started new ritalin dose today and I was mad about that
no,Guess PMBS does not know about Hillary/Lani Guaniers 16 million RITALIN VICTIMS CRAZY CHECK SCAM started in AR
no,EvaMilic9 9NewsAUS Side effect of psych drugs such as Ritalin etc. Stop drugging up the kids.
no,I ACCIDENTALLY TOOK A RITALIN INSTEAD OF MY SLEEPING PILL
no,JokersBBUpdates he is disgusting...needs Ritalin or something get him out
no,I SHOULD NOT HAVE TAKEN THAT RITALIN SO LATE IN THE DAY
no,What would happen if Enzo took his Ritalin RAW
no,Rainbow 6 Siege via Twitch
no,Reckless Kelly Wiggles and Ritalin
no,RT spiderstumbled NateSilver538 The Ritalin is wearing off.
no,Cinnamon shminnamon thats what Ritalin is for.
no,KellieMarie319 I agree I take the b complex from Trader Joes but not convinced it does much. Ritalin is the only thing that helped me.
no,When I take ritalin to stay up while driving through the night does that count as drug abuse
no,Hernandez going into 3rd like a kid with ADD who forgot to take their Ritalin. MiavPhi
no,RT BlazerMc88 You missed your Ritalin dose again.
no,RT spiderstumbled NateSilver538 The Ritalin is wearing off.
no,A bored student without ritalin is a troublesome child in the classroom. Ritalin is for packing more students in a classroom.My opinion
yes,High of Ritalin
no,Ritalin is the Zima of uppers.
no,RT SMABSO The Drugging of the American BoyI myself was needlessly put on Ritalin as a child. Who knows what it did to me
no,RT nsfaber My new ConversationUK article Brain doping is less effective than youd think Ritalin modafinil…
no,Except Ritalin is a real thing
no,Man accused of stealing tools from Macon job site Ritalin Addiction Support
no,Xzyliac TVCommentBot Its Ritalin all over again
no,SALE ritalin Order Discount Low cost ritalin medication
no,"RT GovPappy GovPappy Or maybe ""Grab your Ritalin and strap in boys its gonna be a long one"""
no,RRN The inside of a timedrelease Ritalin
no,The most indie thing Ive ever done is swallow Ritalin with a slushie in my underwear in front of a boy
no,The inside of a timedrelease Ritalin
no,Can ritalin cause adrenal bfatigue/b/p Theories abound about the causes of chronic…
no,What A Tangled Web We Weave A Ritalin Anecdote
no,Medicatedandmighty sorry Epidemic of pediatric bipolar disorder Ritalin Adderall Zoloft Depakote MDbad
no,tonybalmforth ClarkeMicah lalonip Profits for Pharma companies. P Breggins Toxic Psychiatry Talking Back Prozac/Ritalin worth a read.
no,Can ritalin cause adrenal bfatigue/b/p Chronic fatigue syndrome CFS sometimes…
no,"google search ""will i overdose if i drink an entire can of monster and take 3 ritalin at once"""
no,2 hours later I have successfully packed a pair of jeans into my suitcase. My attention span=0 Ritalin pills/10 meaning I should take some
no,I saw Star Trek Beyond. Its ok. But can someone give the director some ritalin
yes,GoodMicWork They threw away his Ritalin
no,Can iodine affect MentalHealth depression womenshealth ritalin add adhd MyZenHaus
no,Listening to blink182 and smoking pot pretending Ritalin and Ambien dont exist
no,The inside of a timedrelease Ritalin submitted by /u/HuggingTheJellyfish [link] [comments]
no,WWESuperCardFAQ lmao i think you meant Ritalin haha
no,Some spazzed out dude who was off his Ritalin just jumped over the guardrail challenged Rusev what an idiot oh its Mojo WWEBattleground
no,9a5fc72b708f444 Robert4787 I only made references to Rabbi Levin. Once again u cant stay on topic. Need some Ritalin
no,michaelC5sos GIRL I LEGIT JUST SQUEALED IN PUBLIC I NEED RITALIN AFTER THIS ?????????
no,From brainprotips Strattera vs Adderall vs Ritalin Comparing ADHD Medications
no,"RT mocost CIBA Pharmaceuticals ad circa 1970""Ritalin helps the problem child become lovable again"""
no,tyeadams cut it with some Ritalin fucking heaven
no,On a steady diet of soda punk and ritalin
no,cont...FOXSports color guy who knows something about cars. Also give DaveRieff some Ritalin.
no,"Olson 30 NAs final results Ritalin In 3rd 2nd Investors Group and the overall champion ""O"" Natural. Congrats"
no,Mojo Rawley Cocaine is a hell of a drug WWEBattleground
no,3 kilos of cocaine found stashed in luggage compartments of 2 JetBlue planes in Florida.
no,NOW I FUCKING MISSED OUT ON BLASTOISE ITS FUCKING VIOLENCE WHEN I SEE YOU PUSSY NIGGAS FADE ON SIGHT NianticLabs PokemonGoApp
yes,BeckyBalboa Buy me a brick of cocaine. ?
no,Dont smoke and I hate Henny
no,RT historyepics Coca cola started out as wine with cocaine in it.
no,RT Mrlouiss HOLD UP THATS HONEY COCAINE
no,RT GareBearEsq After hearing Mark Cuban call Trump a jag off just now Im making popcorn and waiting for Trumps cocaine fueled twitter…
yes,Rowdy did a lot of cocaine
no,RT historyepics Coca cola started out as wine with cocaine in it.
no,JayA1Savage take it down
no,But tonight youre a stranger some silhouette
no,"RT LitFreestyles she tried to ""Freestyle"" but it was honey cocaine verse ???"
no,NewGodSHERM no. It doesnt sounds appealing Lon
no,I just bought a pistol it got 30 rounds init pull up at you mamas house and put some rounds init
yes,I cant lie and Im not gone lie...I just wanna get drunk
no,RT sym4dvl Living on reds vitamin C and cocaine
yes,See cocaine isnt like those scruffy drugs. Its a classy drug for cool sophisticated people.
no,piinkcocaine Serving FACE ??????
no,theres no thc in hemp milk instead theres crack cocaine
no,NewGodSHERM Im done ??
no,I dont do cocaine but I stay numb
yes,RT IncisiveMalice Im now the proud owner of three pounds of high grade cocaine. I love Rio
no,This was my older brother Wesley lol nigga had them all in a book
no,RT PostGradProblem EXCLUSIVE Timeline Of Guy Who Went To Mexico To Die But Is Saved By Hookers And Coke
yes,RT tvandspam Hard liquor and cocaine for dinner
no,RT mattyglesias morgandrose deepbeige Cocaine is pretty fun. Im an old dad now though.
no,tan like shit.
yes,morgandrose deepbeige Cocaine is pretty fun. Im an old dad now though.
yes,RT MaxwellJSteele Drivin that train high on cocaine
no,RT PostGradProblem EXCLUSIVE Timeline Of Guy Who Went To Mexico To Die But Is Saved By Hookers And Coke
no,? awakeningavalon littleprincesschloe sativamermaid sativamermaid A blunt a day keeps the...
no,"RT dinerohambre ""Who tf is honey cocaine"""
no,RT IndyUSA Nephews of Venezuelan first lady tried to smuggle cocaine into US
yes,RT DarkerThanAkon i only smoke organic cocaine
no,RT WSJForero Venezuela first ladys nephew said highlevel connections made it easy to get cocaine out via Caracas airport. AP
no,Parents Warn THIS Drug For Kids Has Similar Effects To COCAINE. Do Not Let Them Take It
no,RT UniNoticias Nephews of Venezuelan president confessed they were trafficking FARC cocaine
yes,taliasterrr im so in love with cocaine and art class last year
no,two of my favorite people ????
no,"We constantly get messages from procop people who like to say ""if you didnt do anything wrong you wont have..."
no,RT PostGradProblem EXCLUSIVE Timeline Of Guy Who Went To Mexico To Die But Is Saved By Hookers And Coke
yes,You know what we need. More cocaine.
no,my cat keeps sneezing IT MIGHT BE COCAINE I KNEW HE WAS BACK ON DRUGS
yes,RT FuneralCasket ...cocaine for lunch...fancy
no,RT CelebsInHS on the soccer teamdoes cocaine before gamesdrives a buggie2 abortionsshows her tits at parties when drunk
no,RT chrisrusso13 Happy Birthday Colleen Cochallohan Coachella cocaine propane insane lo mein paleinthesummer ????collmerusso
yes,Drinking cocaine jk jk Cocacola and chillaxing with my meowmeow is awesome lol
no,ACuppOfTea You worked like 883 hours a week and you have no money. I know whats happening here cocaine.
yes,Dropped out of school just to sell cocaine and weed
yes,this lady is def doing cocaine in the bathroom at the local CVS
no,I like 80s cocaine comics MatthewGAllison CharlesForsman but I ?? a 60s liberal rocking a 40s comic strip style on 70s Batcomics for kids
no,cocaine is hell of a drug
no,I feel like Im on cocaine sabrinacc
no,Shabu is crystal meth pala i thought it was cocaine
no,Various Artists Cocaine Mali Couple Bandz Remix TXL Artist nowplaying listenlive
no,"RT ohsnapimlexi ""Cocaine tastes just like sugar"" rudanc"
no,RT HealthRanger Salmon caught near Seattle proven to be inundated with antidepressants cocaine and more
no,cocaine white like justin bieber ???
no,CoCAinEEaTeR Sike Idc Wat u get
no,RT uanobese 14. Cocaine yoga
no,White people talk about snorting cocaine like thats the normal thing people doing...
no,CoCAinEEaTeR yea u can get 5 wings
no,my cocaine nail broke im upset
no,Reading these tweets Im crying ?????
no,NowPlaying The Girl You Lost To Cocaine Stonebridge Edit Sia 1929
no,SheriffClarke he also orchestrated the selling of cocaine in the United States to fund overseas terrorists but whatever you say bud.
no,Cocaine tastes just like sugar rudanc
no,CoCAinEEaTeR Im goin to uc 9 to watch them nighas play football u can come if u want yo
no,Jesus take the wheel ??
no,I dont do cocaine
no,RT Adweek Two men and one cocaine bear just made Kentuckys strangest local ad ever
no,Serve Cocaine In Sum Reeboks FutureHendrix
no,vibezNscribez so mean smh
no,Prince Harry in Nepal 39Your country holds a special place39 WarriorsGame Prince… WarriorsGamePrince
no,mckaylab4 I can get you cocaine
no,Or might not that quick
no,RT LILUZIVERT Almost time ???® ... TPLP?
no,NiallOfficial cocaines a hell of a drug
no,Things you can.inject into pastries jelly jam custard your dreams smaller pqstries cocaine.
no,What is a good foundation that wont make me orange
no,"RT Sxrxnxdx When someone yells ""Charizard"" from the other end of the park"
no,When someone thinks theyre worth your time but you dont play with cocaine users. ??????
no,RT HealthRanger Salmon caught near Seattle proven to be inundated with antidepressants cocaine and more
no,"RT KyleEdwards Fergies new video is like ""fergalicious"" on cocaine"
no,RT WSJForero Prosecutors Nephews of Venezuela 1st Lady tried organizing cocaine smuggling runs to U.S. to generate 20 million.
no,one person followed me and one person unfollowed me // automatically checked by
no,"RT TheseDamnFacts The NHL ""does not test for recreational drugs like cocaine or marijuana."""
no,champagne cocaíne gasoline and most things in betweeni roam the city in a shopping carta pack of camels and a smoke alarm
no,RT Vanruvia NHL doesnt even fine for cocaine use
no,I think I have a problem.. I just traded a brick of cocaine so someone would drive me around…
yes,RT vin1976 Fully loaded with cocaine
no,Seared Salmon with a dash of Cocaine please LOL
no,This guy I know rncexopened a riet coke can .nd the whole thing was filled with actual cocaine.
no,do u ever suddenly think what would my mom say while snorting 5th line of cocaine
yes,Took a shot cocaine and away I run. Made a good run but I run too slow .They overtook me down in Juarez Mexico
no,"RT NaturalBlaze ""SeattleCaught Salmon Found To Contain Cocaine Antidepressants And Pain Relievers"
no,? smiling is all I could do... If you known why I am smiling its because Im blessed???
no,RT HealthRanger Salmon caught near Seattle proven to be inundated with antidepressants cocaine and more
no,FaZeJev jevqna did you ever try any drugs like cocaine weed etc jevqna
no,"RT iKeepItTooReal Why am I dead af.. ""Dont do this"" ? lmfaooo"
no,I serve cocaine and some Reeboks.Im full of soo much chronic need a detox.
no,That shit really just made me mad ?
no,Frqnkie facts yo it dont be fair lol
no,She taking 40
no,RT HealthRanger Salmon caught near Seattle proven to be inundated with antidepressants cocaine and more
no,RT nicolemilfie Cara Delevingne drops a bag of cocaine and tries concealing it with her foot 2013
no,RT carrmiee W/in 5 min of arriving at our hostel a guy is accusing his roommates of having sex w/ each other is getting kicked out for…
no,RT Vanruvia NHL doesnt even fine for cocaine use
no,Unversedspectra Soras Heart smells like cocaine.
no,RT kailynsantoss So am I the only one who finds it problematic that our presidential candidates are always beefing over Twitter .... ?
no,NME My cocaine
no,PearlsFromMyrna Nasturtiums are native to S. America....where they make cocaine and serve brisket on a sword. Terrifying place. prayers
no,RT MindBlowing This is a rare footage of a fatal ventricular fibrillation due to a cocaine overdose
no,RT Vanruvia NHL doesnt even fine for cocaine use
no,Check if your cocaines good Mix with vinegar If it makes a volcano its baking soda If not your drugs are ruined Dont do drugs Drugs are bad
no,RT Damorela92 Ordinary 60k cokeYa shouting on twitter upandanTeebillz wey borrow 45m for cocaine sef no make noise
no,Listen to Chocolate Chip Cookies and Cocaine by BroskiSaysYea np on SoundCloud
no,RT bybryony just in case some may have forgotten.. Flint Michigan is still in need of clean water. FlintWaterCrisis
yes,Im not addicted to cocaine I just like the smell of it
no,RT 6BillionPeople 10 Police officers beat a man that surrendered instead of reading him his rights and taking him into custody.
no,Cocaine 80s/Nas Wheres the Love [] wmskgrind nowplaying live
no,KEEMSTAR Solution Try cocaine. If you have an expensive drug habit youll have to continue.
no,Wait is this a second song about cocaine –Madi experiencing her first XPNFest ever
no,Drink the corn liquor let the cocaine be. oldcrowmedicineshow XPNFest
no,RT Vanruvia NHL doesnt even fine for cocaine use
no,RT MyNameNotSergio Sometimes yall just aint meant to be fuck holding on just move on my nigga amen .
no,RT yeezyzus person of cocaine
yes,Am craving cocaine and wine lol
no,"RT BASED0RE0 ""I see it in ya face I got tha good stuff. Cocaine pills whatever you want"""
yes,All we need is more cocaine
no,I need a liquid cocaine from starbucks
no,RT RobbyTheBrain Lay off the cocaine
no,gucci down the boulevard cocaine dollar bills and MTVHottest Fifth Harmony
no,RT JjarvisJEFF Clintonkaine 100x more expensive than cocaine and guaranteed to never get you higher than the lowest point in life.
no,RT HealthRanger Salmon caught near Seattle proven to be inundated with antidepressants cocaine and more
no,Trio accused of selling cocaine worth Dh50000 loved
no,88Hayter COCAINE by ERICCLAPTONNEWS is playing in a few mins on Z94.3 Listen Vote at
no,Your newly found optimism might run into a roadblock today as ... More for Capricorn
no,RT waltersn512 I love how Trump is so obsessed with ratings. Like bruh ratings for crack cocaine are pretty high doesnt make it a good…
no,RT LukeKyriazis cocaine caviar
no,RT EyeSeeYou619 The shortest distance between two joints is a straight line of cocaine.
no,trevogee austinsullivaa longwoodgirl5 LexiLeAnn Niggas call it cocaine
no,RT an3myhasnotwit PsyQoKolby rainy days in your head Cocaine hydrochloride will clear the sky and provide warm and welcoming rays of s…
yes,stop snorting cocaine
no,"RT rwmccrory SheriffClarke jjauthor donlemon CNN crackcocaine droveup crime response was demanded now its called ""systemic racis…"
no,RT BlackGirlsWinni If you date a black girl you better be ready to meet a new chick every week cuz the switch up is so real ?
no,RT HealthRanger Salmon caught near Seattle proven to be inundated with antidepressants cocaine and more
no,Dubai drug suspect greeted cops with cocaine moustache 7DAYS.ae Dubai
no,RT HealthRanger Salmon caught near Seattle proven to be inundated with antidepressants cocaine and more
yes,RT DamonnnG never is weed an excuse for fuckin up because I get shit done and smoke weed 24/7 but still bro weed fuck you up man its c…
no,Your Brain Does Really Weird Stuff When It Thinks About Money Brain cocaine Money studies
no,"SheriffClarke jjauthor donlemon CNN crackcocaine droveup crime response was demanded now its called ""systemic racism"""
yes,lgbtliam thank you josh Louis Tomlinson snorts cocaine around his child 3
no,"RT dinerohambre ""Who tf is honey cocaine"""
no,RT FVKZAY My kids gon have that good hair u hear me
no,"RT cutepoops vegans who do it ""for their health"" but still smoke cigarettes and snort cocaine l o l bye"
yes,RT rtyourkink doing cocaine to solve ur problems
no,WHAT THE FUCK DO NOT PUT COCAINE ON YOUR INSTAGRAM
no,RT kingfee901 Drake made a knock off Jamaican song and is now checking niggas about making a knock off of his knock off
no,RT benjaminbear kingfee901 milesfarewell XXL somebody remind drake hes a Canadian actor
no,This sexy babe want to seduce you online cocaine
no,RT BillyCorben Leader of Colombian cocaine ring extradited to Miami to stand trial
no,RT NickSwardson A chick asked me if she should wear high heels to the music festival tonight. Yep and do cocaine standing in a tornado. F…
no,"RT Mari4Hunnit ""i see it in your facei got the good stuff.cocainepills whatever you want"""
no,RT Jayychilll Cant relate
yes,Who has some cocaine they can let me borrow
no,Republicans use Arkansas ties to bash the Clintons via TIMEPolitics Can Hillary deflect ties to cocaine cartel
yes,RT FuneralCasket ...cocaine for lunch...fancy
yes,RT CeIebslnHS math teacherspoke way too fastobnoxious did cocaine in the teachers lounge during passing periods
no,I can see it in your face... I got the good stuff. Cocaine pills whatever u want
yes,RT cleannotsober Sorry I snorted all your cocaine and snapped selfies with your Pokémon menagerie.
no,MSNBC ClintonKaine or cocaine...for short should not be nominated at the DNC. Delegates should take a vote on the convention floor.
no,This though 3
no,RT jondgaesus Jackson as spencer weird as hell art hoe ???snorts cocaine on the low
no,RT queenganel All the fine girls have join gang You are stealing mifiSniffing cocaineTurning lesbiansBad gang
no,RT yeezyzus person of cocaine
yes,I want some fucking cocaine
yes,I see it in ya face I got the good stuff cocaine pills whatever ya want
no,RT ARBasgall i too take my cocaine from glass bottles
no,RT LADEKRANE Nigerian lawSteal 5 yrsCocaine 8 yrslesbianism 14 yrsTotal 27 yrsUduak
no,The Contras Cocaine and U.S. Covert Operations
yes,i too take my cocaine from glass bottles
no,RT yeezyzus person of cocaine
yes,RT Awpalot The jokes on you officer. That breathalyzer wont tell you how much cocaine Ive snorted tonight.
no,RT TobyHater This year more people will use cocaine than read a book to their children.
no,PsyQoKolby rainy days in your head Cocaine hydrochloride will clear the sky and provide warm and welcoming rays of sunshine
no,glittercocaine nice Haha i want taco soup
no,i see it in your facei got the good stuff.cocainepills whatever you want
no,RT BREWMYSTEW jasmine HETERO THAT COCAINE FETUS PICTURE OF YOU STRUNG THE FUCK OUT cheryl tumbling jumping in the pool flippin…
no,I like girls that like girls ???
no,RT Sadnightvibes 7. Yayo unreleased video unreleased version you cant hide anything from a huge fan cocaine
no,RT ShekeidraK Lmfao?
no,RT Adweek Two men and one cocaine bear just made Kentuckys strangest local ad ever
yes,rt : yesterday was the four-year anniversary of when we lost phil to an overdose of heroin/fentanyl. itâ€™s still very hard. ðŸ’”â€¦
yes,and hunter has a rolled upped $100 bill for snorting a mountain of china white heroin.
yes,he takes heroin sex very seriously.
yes,i have a often reoccuring dream where i get to take the super heroin. that lasts a lifetime
yes,"just like nicotine, heroin, morphine, suddenly, i'm fiend and you're all i need, all i need"
yes,you may also know me as the local homeless heroin addict.
yes,"be fucking cool, use heroin"
yes,i was already shooting heroin by sophomore year
yes,thanks to opioid marsha our suburbs our heroin shooting galleries
yes,just took a massive l i need heroin now
yes,"gotta live in a city where the heroin addicts are, a lot more peace &amp; quiet"
yes,yes he was clearly high on heroin
yes,dude i'd snort flakka laced with spice heroin coke and meth if we win a super bowl. fuggggg it we gettin rowdy
yes,le me overdosing on heroin so they pump it back in to me when the hospital finds i dont have insurance
yes,guards have heroin addicts spit in the faces and nurses treat people with covid. your point?
yes,gf that thanks me when i shove my fingers down her throat after she od's on heroin
yes,rt :  i can't wait for this dude's heroin overdose.
yes,i'd take the dirty heroin needles over fucking smarties. tums-tasting pieces of chalky shit.
yes,haha this heroin is bangin right now iâ€™m so high
yes,rt : i could eat me some heroin or buy a brick!!!!!
yes,thanks for the heroin hunky jesus
yes,i need a little shot of heroin right now
yes,rt : everyday i get more &amp; more tempted to become a heroin addict
yes,i want to shoot some heroin who want to join????
yes,"iâ€™ll move to paris, shoot some heroin, n fuck with the stars"
yes,you snort coke laced with heroin and meth... i donâ€™t have the problem ðŸ˜­
yes,he took cocaine that he didnâ€™t know was laced with fentanyl
yes,celebrate selling heroin? or being high on meth and fentanyl?
yes,rt : laced with crack i was addicted to this show
yes,optional kind of like taking a lethal dose fentanyl
yes,george floyd died of a fentanyl overdose fact!
yes,"nicotine, heroine, morphine suddenly iâ€™m a fiend and youâ€™re all i need"
yes,right now l could do with a shot of morphine
yes,ugh! i need some morphine then.
yes,if you dont want to fail no nut november just get addicted to morphine. it makes it near impossible to cum
yes,it's too much b! i might need a morphine drip. wake me up on friday. ðŸ˜­
yes,using marijuana as an alternative to morphine
no,They say that kids a problem where the fuck is his Ritalin
yes,TheRitalin itll be awesome for sure
yes,xoDamage sad to see you wont be attending. Youre going to miss a good event.
no,RT GomerBlog Coffee. Filling the body with a steady stream of overthecounter Ritalin since the 9th century. coffeeaddict hcsm FOAMed
no,Are drugcrazed rodents raiding your childs medicine cabinet Rats on Ritalin next on Sick Sad World Daria
no,.CRobertBuchanan dnvrite we know its tough but pop some Ritalin and think real hard copolitics
yes,JohnQABC Son on Ritalin Dr makes him take urine test every month to make sure taking it I guess to make sure he not giving to friends
yes,I am taking heroin to reomve my pain
yes,he is adict with fentanyl kills his body
no,did you make this from scratch? it looks amazing!
